date,price
2006/1/2,12.67
2006/1/3,12.94
2006/1/4,13.09
2006/1/5,13.57
2006/1/6,13.54
2006/1/9,13.60
2006/1/10,13.57
2006/1/11,13.78
2006/1/12,13.72
2006/1/13,13.54
2006/1/16,13.33
2006/1/17,13.27
2006/1/18,12.82
2006/1/19,12.82
2006/1/20,12.79
2006/1/23,12.61
2006/1/24,12.58
2006/1/25,12.76
2006/2/3,13.09
2006/2/6,13.42
2006/2/7,13.21
2006/2/8,13.12
2006/2/9,13.12
2006/2/10,13.36
2006/2/13,13.51
2006/2/14,13.69
2006/2/15,13.63
2006/2/16,13.72
2006/2/17,13.87
2006/2/20,13.87
2006/2/21,13.87
2006/2/22,13.63
2006/2/23,13.57
2006/2/24,13.54
2006/2/27,13.72
2006/3/1,13.78
2006/3/2,13.87
2006/3/3,13.63
2006/3/6,13.75
2006/3/7,13.48
2006/3/8,13.60
2006/3/9,13.69
2006/3/10,13.57
2006/3/13,13.48
2006/3/14,13.06
2006/3/15,13.15
2006/3/16,13.09
2006/3/17,13.06
2006/3/20,12.94
2006/3/21,12.91
2006/3/22,12.73
2006/3/23,12.82
2006/3/24,13.12
2006/3/27,13.12
2006/3/28,12.97
2006/3/29,12.97
2006/3/30,13.30
2006/3/31,13.45
2006/4/3,13.48
2006/4/4,13.57
2006/4/6,13.87
2006/4/7,13.90
2006/4/10,13.87
2006/4/11,13.69
2006/4/12,13.84
2006/4/13,14.02
2006/4/14,14.28
2006/4/17,14.55
2006/4/18,14.40
2006/4/19,14.37
2006/4/20,14.49
2006/4/21,14.22
2006/4/24,14.28
2006/4/25,14.55
2006/4/26,14.67
2006/4/27,14.76
2006/4/28,14.73
2006/5/2,14.79
2006/5/3,14.82
2006/5/4,15.18
2006/5/5,14.67
2006/5/8,15.06
2006/5/9,14.55
2006/5/10,14.31
2006/5/11,14.49
2006/5/12,14.49
2006/5/15,14.08
2006/5/16,13.84
2006/5/17,14.05
2006/5/18,13.81
2006/5/19,13.84
2006/5/22,13.54
2006/5/23,13.60
2006/5/24,13.72
2006/5/25,13.78
2006/5/26,13.78
2006/5/29,13.66
2006/5/30,13.45
2006/6/1,13.39
2006/6/2,13.69
2006/6/5,13.36
2006/6/6,13.48
2006/6/7,13.36
2006/6/8,13.00
2006/6/9,13.09
2006/6/12,13.06
2006/6/13,12.82
2006/6/14,13.21
2006/6/15,13.24
2006/6/16,13.63
2006/6/19,13.69
2006/6/20,13.36
2006/6/21,13.36
2006/6/22,13.54
2006/6/23,13.48
2006/6/26,13.60
2006/6/27,13.54
2006/6/28,13.60
2006/6/29,13.69
2006/6/30,13.78
2006/7/3,13.78
2006/7/4,13.72
2006/7/5,13.54
2006/7/6,13.51
2006/7/7,13.48
2006/7/10,13.60
2006/7/11,13.57
2006/7/12,13.51
2006/7/13,13.54
2006/7/14,13.36
2006/7/17,13.33
2006/7/18,13.30
2006/7/19,13.21
2006/7/20,13.33
2006/7/21,13.30
2006/7/24,13.36
2006/7/25,13.42
2006/7/26,13.39
2006/7/27,13.48
2006/7/28,13.42
2006/7/31,13.39
2006/8/1,13.39
2006/8/2,12.79
2006/8/3,12.79
2006/8/4,12.70
2006/8/7,12.61
2006/8/8,12.70
2006/8/9,12.76
2006/8/10,12.64
2006/8/11,12.64
2006/8/14,12.58
2006/8/15,12.64
2006/8/16,12.85
2006/8/17,12.76
2006/8/18,12.82
2006/8/21,12.53
2006/8/22,12.50
2006/8/23,12.38
2006/8/24,12.38
2006/8/25,12.35
2006/8/28,12.26
2006/8/29,12.23
2006/8/30,12.32
2006/8/31,12.35
2006/9/1,12.44
2006/9/4,12.55
2006/9/5,12.50
2006/9/6,12.35
2006/9/7,12.35
2006/9/8,12.32
2006/9/11,12.32
2006/9/12,12.32
2006/9/13,12.29
2006/9/14,12.26
2006/9/15,12.35
2006/9/18,12.67
2006/9/19,12.64
2006/9/20,12.61
2006/9/21,12.61
2006/9/22,12.67
2006/9/25,12.82
2006/9/26,12.91
2006/9/27,13.00
2006/9/28,12.97
2006/9/29,12.97
2006/10/2,13.30
2006/10/3,13.09
2006/10/4,12.82
2006/10/5,13.03
2006/10/11,13.15
2006/10/12,13.18
2006/10/13,13.15
2006/10/16,13.15
2006/10/17,12.88
2006/10/18,12.91
2006/10/19,12.82
2006/10/20,12.91
2006/10/23,13.03
2006/10/24,13.12
2006/10/25,12.94
2006/10/26,13.00
2006/10/27,12.85
2006/10/30,12.76
2006/10/31,12.85
2006/11/1,12.82
2006/11/2,12.91
2006/11/3,13.06
2006/11/6,12.94
2006/11/7,13.09
2006/11/8,13.03
2006/11/9,13.15
2006/11/10,13.12
2006/11/13,13.00
2006/11/14,13.18
2006/11/15,13.21
2006/11/16,13.18
2006/11/17,13.12
2006/11/20,13.12
2006/11/21,13.09
2006/11/22,13.18
2006/11/23,13.30
2006/11/24,13.48
2006/11/27,13.57
2006/11/28,13.45
2006/11/29,13.54
2006/11/30,13.72
2006/12/1,13.78
2006/12/4,13.87
2006/12/5,13.72
2006/12/6,13.81
2006/12/7,13.93
2006/12/8,13.84
2006/12/11,13.84
2006/12/12,13.66
2006/12/13,13.72
2006/12/14,13.72
2006/12/15,13.90
2006/12/18,13.99
2006/12/19,13.93
2006/12/20,13.90
2006/12/21,13.93
2006/12/22,13.99
2006/12/25,13.99
2006/12/26,14.20
2006/12/27,14.14
2006/12/28,14.11
2006/12/29,14.40
2007/1/2,14.91
2007/1/3,14.79
2007/1/4,14.82
2007/1/5,14.49
2007/1/8,14.49
2007/1/9,14.61
2007/1/10,14.25
2007/1/11,14.08
2007/1/12,14.40
2007/1/15,14.31
2007/1/16,14.28
2007/1/17,14.37
2007/1/18,14.61
2007/1/19,14.55
2007/1/22,14.73
2007/1/23,14.79
2007/1/24,14.88
2007/1/25,14.61
2007/1/26,14.58
2007/1/29,14.58
2007/1/30,14.61
2007/1/31,14.61
2007/2/1,14.67
2007/2/2,14.91
2007/2/5,14.85
2007/2/6,15.00
2007/2/7,14.94
2007/2/8,15.03
2007/2/9,15.03
2007/2/12,14.91
2007/2/13,14.73
2007/2/14,14.85
2007/2/26,15.09
2007/2/27,15.03
2007/3/1,14.55
2007/3/2,14.61
2007/3/5,13.78
2007/3/6,14.05
2007/3/7,13.69
2007/3/8,13.90
2007/3/9,14.08
2007/3/12,13.90
2007/3/13,14.02
2007/3/14,13.84
2007/3/15,14.08
2007/3/16,14.17
2007/3/19,14.37
2007/3/20,14.37
2007/3/21,14.49
2007/3/22,14.55
2007/3/23,14.79
2007/3/26,14.85
2007/3/27,14.49
2007/3/28,14.46
2007/3/29,14.46
2007/3/30,14.79
2007/4/2,14.67
2007/4/3,14.85
2007/4/4,14.85
2007/4/9,14.97
2007/4/10,14.97
2007/4/11,15.03
2007/4/12,15.06
2007/4/13,14.79
2007/4/16,14.46
2007/4/17,14.40
2007/4/18,14.49
2007/4/19,13.99
2007/4/20,13.99
2007/4/23,14.02
2007/4/24,14.14
2007/4/25,13.90
2007/4/26,14.17
2007/4/27,13.93
2007/4/30,13.75
2007/5/2,13.72
2007/5/3,13.78
2007/5/4,14.02
2007/5/7,14.08
2007/5/8,14.08
2007/5/9,14.05
2007/5/10,14.11
2007/5/11,13.87
2007/5/14,13.87
2007/5/15,13.84
2007/5/16,13.78
2007/5/17,13.78
2007/5/18,13.63
2007/5/21,13.72
2007/5/22,13.66
2007/5/23,13.69
2007/5/24,13.69
2007/5/25,13.57
2007/5/28,13.51
2007/5/29,13.57
2007/5/30,13.42
2007/5/31,12.50
2007/6/1,13.36
2007/6/4,13.24
2007/6/5,13.12
2007/6/6,13.12
2007/6/7,13.15
2007/6/8,13.24
2007/6/11,13.06
2007/6/12,12.94
2007/6/13,13.06
2007/6/14,13.48
2007/6/15,13.66
2007/6/20,14.11
2007/6/21,14.20
2007/6/22,13.81
2007/6/25,13.69
2007/6/26,13.81
2007/6/27,13.63
2007/6/28,13.81
2007/6/29,13.75
2007/7/2,13.87
2007/7/3,13.90
2007/7/4,14.05
2007/7/5,14.14
2007/7/6,14.11
2007/7/9,14.25
2007/7/10,14.22
2007/7/11,14.08
2007/7/12,14.22
2007/7/13,14.40
2007/7/16,14.37
2007/7/17,14.40
2007/7/18,14.85
2007/7/19,14.55
2007/7/20,14.70
2007/7/23,14.52
2007/7/24,14.76
2007/7/25,14.70
2007/7/26,14.52
2007/7/27,13.81
2007/7/30,13.72
2007/7/31,13.42
2007/8/1,12.82
2007/8/2,12.97
2007/8/3,12.91
2007/8/6,12.73
2007/8/7,12.70
2007/8/8,13.09
2007/8/9,13.12
2007/8/10,12.70
2007/8/13,12.76
2007/8/14,12.76
2007/8/15,12.29
2007/8/16,11.96
2007/8/17,11.93
2007/8/20,12.41
2007/8/21,12.26
2007/8/22,12.35
2007/8/23,12.67
2007/8/24,12.53
2007/8/27,12.53
2007/8/28,12.58
2007/8/29,12.50
2007/8/30,12.55
2007/8/31,12.97
2007/9/3,12.88
2007/9/4,12.82
2007/9/5,12.64
2007/9/6,12.82
2007/9/7,12.76
2007/9/10,12.53
2007/9/11,12.64
2007/9/12,12.67
2007/9/13,12.70
2007/9/14,12.97
2007/9/17,12.67
2007/9/19,13.00
2007/9/20,13.27
2007/9/21,13.33
2007/9/26,13.51
2007/9/27,13.87
2007/9/28,13.72
2007/10/1,13.99
2007/10/2,14.28
2007/10/3,14.43
2007/10/4,14.43
2007/10/5,14.31
2007/10/8,14.37
2007/10/9,14.17
2007/10/11,14.43
2007/10/12,13.72
2007/10/15,13.93
2007/10/16,13.87
2007/10/17,14.02
2007/10/18,13.78
2007/10/19,13.69
2007/10/22,13.21
2007/10/23,13.60
2007/10/24,13.48
2007/10/25,13.87
2007/10/26,14.02
2007/10/29,14.37
2007/10/30,14.31
2007/10/31,14.43
2007/11/1,14.40
2007/11/2,13.81
2007/11/5,13.75
2007/11/6,13.66
2007/11/7,13.69
2007/11/8,13.18
2007/11/9,13.39
2007/11/12,13.18
2007/11/13,13.36
2007/11/14,13.42
2007/11/15,13.27
2007/11/16,13.18
2007/11/19,13.09
2007/11/20,13.09
2007/11/21,12.61
2007/11/22,12.67
2007/11/23,12.55
2007/11/26,12.82
2007/11/27,12.67
2007/11/28,12.58
2007/11/29,13.00
2007/11/30,12.91
2007/12/3,13.18
2007/12/4,13.06
2007/12/5,13.00
2007/12/6,13.12
2007/12/7,13.15
2007/12/10,13.12
2007/12/11,13.33
2007/12/12,13.06
2007/12/13,12.79
2007/12/14,12.94
2007/12/17,12.61
2007/12/18,12.41
2007/12/19,12.73
2007/12/20,12.41
2007/12/21,12.41
2007/12/24,12.41
2007/12/25,12.41
2007/12/26,12.53
2007/12/27,12.58
2007/12/28,12.79
2007/12/31,12.70
2008/1/2,12.55
2008/1/3,12.44
2008/1/4,12.76
2008/1/7,12.41
2008/1/8,12.76
2008/1/9,12.76
2008/1/10,12.91
2008/1/11,12.88
2008/1/14,13.72
2008/1/15,14.61
2008/1/16,14.02
2008/1/17,14.14
2008/1/18,14.43
2008/1/21,14.25
2008/1/22,13.27
2008/1/23,13.33
2008/1/24,13.60
2008/1/25,13.78
2008/1/28,13.36
2008/1/29,13.84
2008/1/30,13.69
2008/1/31,13.90
2008/2/1,14.02
2008/2/12,13.72
2008/2/13,13.81
2008/2/14,14.58
2008/2/15,14.55
2008/2/18,14.37
2008/2/19,14.55
2008/2/20,14.22
2008/2/21,14.55
2008/2/22,14.58
2008/2/25,14.91
2008/2/26,15.03
2008/2/27,15.18
2008/2/29,14.79
2008/3/3,14.76
2008/3/4,15.09
2008/3/5,15.18
2008/3/6,15.54
2008/3/7,15.30
2008/3/10,14.88
2008/3/11,15.21
2008/3/12,15.33
2008/3/13,14.94
2008/3/14,15.00
2008/3/17,15.06
2008/3/18,15.15
2008/3/19,15.39
2008/3/20,16.16
2008/3/21,16.85
2008/3/24,17.83
2008/3/25,17.45
2008/3/26,17.59
2008/3/27,17.00
2008/3/28,17.15
2008/3/31,16.70
2008/4/1,16.25
2008/4/2,16.70
2008/4/3,16.61
2008/4/7,17.12
2008/4/8,16.88
2008/4/9,16.97
2008/4/10,17.54
2008/4/11,18.43
2008/4/14,18.13
2008/4/15,18.22
2008/4/16,19.06
2008/4/17,19.18
2008/4/18,19.06
2008/4/21,18.82
2008/4/22,18.22
2008/4/23,18.40
2008/4/24,18.31
2008/4/25,18.28
2008/4/28,19.12
2008/4/29,18.37
2008/4/30,18.61
2008/5/2,18.61
2008/5/5,18.01
2008/5/6,17.65
2008/5/7,18.19
2008/5/8,17.98
2008/5/9,17.59
2008/5/12,17.83
2008/5/13,18.64
2008/5/14,18.49
2008/5/15,19.12
2008/5/16,19.09
2008/5/19,19.26
2008/5/20,18.37
2008/5/21,18.07
2008/5/22,18.37
2008/5/23,17.95
2008/5/26,17.71
2008/5/27,18.07
2008/5/28,17.74
2008/5/29,17.95
2008/5/30,16.70
2008/6/2,17.86
2008/6/3,18.19
2008/6/4,18.10
2008/6/5,18.46
2008/6/6,18.25
2008/6/9,17.86
2008/6/10,17.36
2008/6/11,17.39
2008/6/12,16.94
2008/6/13,17.27
2008/6/16,17.48
2008/6/17,17.62
2008/6/18,17.83
2008/6/19,17.42
2008/6/20,17.12
2008/6/23,17.33
2008/6/24,17.06
2008/6/25,17.54
2008/6/26,17.42
2008/6/27,16.88
2008/6/30,16.55
2008/7/1,16.28
2008/7/2,15.51
2008/7/3,15.98
2008/7/4,15.81
2008/7/7,16.10
2008/7/8,15.27
2008/7/9,14.97
2008/7/10,14.73
2008/7/11,14.82
2008/7/14,14.61
2008/7/15,13.69
2008/7/16,13.36
2008/7/17,13.90
2008/7/18,13.30
2008/7/21,14.22
2008/7/22,14.43
2008/7/23,15.42
2008/7/24,15.21
2008/7/25,14.79
2008/7/29,14.58
2008/7/30,14.70
2008/7/31,14.91
2008/8/1,14.61
2008/8/4,14.91
2008/8/5,14.55
2008/8/6,15.21
2008/8/7,14.79
2008/8/8,15.15
2008/8/11,15.21
2008/8/12,14.91
2008/8/13,14.14
2008/8/14,14.36
2008/8/15,14.08
2008/8/18,13.44
2008/8/19,13.44
2008/8/20,13.57
2008/8/21,13.44
2008/8/22,13.48
2008/8/25,13.93
2008/8/26,14.05
2008/8/27,14.21
2008/8/28,14.21
2008/8/29,14.36
2008/9/1,13.90
2008/9/2,13.78
2008/9/3,13.66
2008/9/4,13.44
2008/9/5,13.63
2008/9/8,14.57
2008/9/9,13.93
2008/9/10,14.24
2008/9/11,13.87
2008/9/12,14.05
2008/9/15,13.41
2008/9/16,12.50
2008/9/17,12.96
2008/9/18,12.08
2008/9/19,12.87
2008/9/22,13.38
2008/9/23,13.38
2008/9/24,13.35
2008/9/25,13.11
2008/9/26,12.62
2008/9/30,11.74
2008/10/1,11.74
2008/10/2,11.77
2008/10/3,11.89
2008/10/6,11.10
2008/10/7,11.01
2008/10/8,10.25
2008/10/9,10.22
2008/10/13,9.89
2008/10/14,10.56
2008/10/15,10.65
2008/10/16,10.28
2008/10/17,9.95
2008/10/20,9.95
2008/10/21,9.95
2008/10/22,9.89
2008/10/23,9.55
2008/10/24,9.25
2008/10/27,9.25
2008/10/28,9.25
2008/10/29,9.25
2008/10/30,9.89
2008/10/31,10.56
2008/11/3,11.25
2008/11/4,11.44
2008/11/5,11.41
2008/11/6,10.62
2008/11/7,10.65
2008/11/10,10.65
2008/11/11,9.92
2008/11/12,9.86
2008/11/13,9.19
2008/11/14,9.00
2008/11/17,9.13
2008/11/18,9.22
2008/11/19,9.03
2008/11/20,8.52
2008/11/21,8.55
2008/11/24,8.76
2008/11/25,9.37
2008/11/26,9.16
2008/11/27,9.73
2008/11/28,9.86
2008/12/1,10.22
2008/12/2,9.55
2008/12/3,9.73
2008/12/4,9.34
2008/12/5,9.34
2008/12/8,9.98
2008/12/9,10.65
2008/12/10,11.25
2008/12/11,10.92
2008/12/12,10.31
2008/12/15,10.95
2008/12/16,10.95
2008/12/17,10.98
2008/12/18,11.13
2008/12/19,10.95
2008/12/22,10.37
2008/12/23,10.22
2008/12/24,10.40
2008/12/25,10.46
2008/12/26,10.34
2008/12/29,10.34
2008/12/30,11.04
2008/12/31,11.19
2009/1/5,11.44
2009/1/6,11.22
2009/1/7,11.53
2009/1/8,10.74
2009/1/9,10.52
2009/1/12,10.19
2009/1/13,10.56
2009/1/14,10.52
2009/1/15,9.86
2009/1/16,9.89
2009/1/19,9.86
2009/1/20,9.61
2009/1/21,9.55
2009/2/2,9.34
2009/2/3,9.67
2009/2/4,9.76
2009/2/5,9.67
2009/2/6,9.98
2009/2/9,9.83
2009/2/10,9.73
2009/2/11,9.83
2009/2/12,9.49
2009/2/13,9.89
2009/2/16,9.67
2009/2/17,9.49
2009/2/18,9.70
2009/2/19,9.79
2009/2/20,9.43
2009/2/23,9.55
2009/2/24,9.43
2009/2/25,9.95
2009/2/26,9.95
2009/2/27,10.25
2009/3/2,9.55
2009/3/3,9.79
2009/3/4,9.79
2009/3/5,9.95
2009/3/6,9.73
2009/3/9,9.61
2009/3/10,9.76
2009/3/11,9.92
2009/3/12,9.79
2009/3/13,10.31
2009/3/16,10.71
2009/3/17,10.95
2009/3/18,10.77
2009/3/19,10.77
2009/3/20,10.59
2009/3/23,10.92
2009/3/24,11.19
2009/3/25,11.22
2009/3/26,11.35
2009/3/27,11.19
2009/3/30,10.62
2009/3/31,10.83
2009/4/1,11.10
2009/4/2,11.62
2009/4/3,11.62
2009/4/6,11.62
2009/4/7,11.53
2009/4/8,11.07
2009/4/9,11.56
2009/4/10,11.74
2009/4/13,11.62
2009/4/14,11.59
2009/4/15,11.47
2009/4/16,11.86
2009/4/17,11.16
2009/4/20,11.25
2009/4/21,11.19
2009/4/22,11.10
2009/4/23,10.95
2009/4/24,10.89
2009/4/27,10.65
2009/4/28,10.59
2009/4/29,10.71
2009/4/30,11.44
2009/5/4,12.23
2009/5/5,11.86
2009/5/6,11.89
2009/5/7,12.05
2009/5/8,12.02
2009/5/11,11.98
2009/5/12,11.65
2009/5/13,11.71
2009/5/14,11.29
2009/5/15,11.50
2009/5/18,11.74
2009/5/19,12.56
2009/5/20,12.93
2009/5/21,12.53
2009/5/22,12.47
2009/5/25,13.32
2009/5/26,13.51
2009/5/27,14.42
2009/6/1,14.60
2009/6/2,13.75
2009/6/3,13.48
2009/6/4,13.23
2009/6/5,13.20
2009/6/8,12.59
2009/6/9,12.38
2009/6/10,12.23
2009/6/11,12.41
2009/6/12,12.08
2009/6/15,11.74
2009/6/16,11.80
2009/6/17,11.83
2009/6/18,11.41
2009/6/19,11.59
2009/6/22,11.68
2009/6/23,11.35
2009/6/24,12.08
2009/6/25,12.02
2009/6/26,11.95
2009/6/29,11.80
2009/6/30,11.98
2009/7/1,12.14
2009/7/2,12.78
2009/7/3,12.71
2009/7/6,12.53
2009/7/7,12.59
2009/7/8,12.38
2009/7/9,12.62
2009/7/10,12.59
2009/7/13,11.89
2009/7/14,11.86
2009/7/15,11.92
2009/7/16,11.95
2009/7/17,12.11
2009/7/20,12.26
2009/7/21,12.38
2009/7/22,12.50
2009/7/23,12.47
2009/7/24,12.47
2009/7/27,12.50
2009/7/28,12.68
2009/7/29,12.65
2009/7/30,12.59
2009/7/31,12.65
2009/8/3,12.62
2009/8/4,12.50
2009/8/5,12.17
2009/8/6,12.23
2009/8/10,12.17
2009/8/11,12.29
2009/8/12,11.75
2009/8/13,12.06
2009/8/14,12.06
2009/8/17,11.84
2009/8/18,11.72
2009/8/19,11.53
2009/8/20,11.34
2009/8/21,11.28
2009/8/24,11.53
2009/8/25,11.37
2009/8/26,11.25
2009/8/27,11.12
2009/8/28,11.34
2009/8/31,11.22
2009/9/1,11.40
2009/9/2,11.47
2009/9/3,11.53
2009/9/4,11.72
2009/9/7,11.81
2009/9/8,12.06
2009/9/9,12.00
2009/9/10,12.41
2009/9/11,12.38
2009/9/14,12.16
2009/9/15,12.38
2009/9/16,12.50
2009/9/17,12.66
2009/9/18,12.69
2009/9/21,12.47
2009/9/22,12.53
2009/9/23,12.22
2009/9/24,12.34
2009/9/25,12.31
2009/9/28,12.28
2009/9/29,12.53
2009/9/30,12.66
2009/10/1,12.81
2009/10/2,12.53
2009/10/5,12.53
2009/10/6,12.78
2009/10/7,13.00
2009/10/8,12.81
2009/10/9,12.85
2009/10/12,12.91
2009/10/13,12.78
2009/10/14,12.88
2009/10/15,12.94
2009/10/16,13.35
2009/10/19,13.35
2009/10/20,13.35
2009/10/21,13.03
2009/10/22,12.85
2009/10/23,12.91
2009/10/26,12.91
2009/10/27,12.85
2009/10/28,12.63
2009/10/29,12.16
2009/10/30,12.06
2009/11/2,11.94
2009/11/3,11.91
2009/11/4,12.19
2009/11/5,12.03
2009/11/6,12.22
2009/11/9,12.56
2009/11/10,12.72
2009/11/11,12.94
2009/11/12,12.94
2009/11/13,12.78
2009/11/16,12.94
2009/11/17,12.69
2009/11/18,12.50
2009/11/19,12.59
2009/11/20,12.34
2009/11/23,12.41
2009/11/24,12.50
2009/11/25,12.63
2009/11/26,12.63
2009/11/27,11.91
2009/11/30,11.97
2009/12/1,12.22
2009/12/2,12.19
2009/12/3,12.19
2009/12/4,11.97
2009/12/7,12.44
2009/12/8,12.41
2009/12/9,12.47
2009/12/10,12.19
2009/12/11,12.34
2009/12/14,12.38
2009/12/15,12.41
2009/12/16,12.22
2009/12/17,12.22
2009/12/18,12.19
2009/12/21,12.13
2009/12/22,12.16
2009/12/23,12.25
2009/12/24,12.28
2009/12/25,12.31
2009/12/28,12.44
2009/12/29,12.44
2009/12/30,12.47
2009/12/31,12.63
2010/1/4,12.50
2010/1/5,12.59
2010/1/6,12.81
2010/1/7,12.81
2010/1/8,12.78
2010/1/11,12.72
2010/1/12,12.75
2010/1/13,12.50
2010/1/14,12.50
2010/1/15,12.53
2010/1/18,12.47
2010/1/19,12.50
2010/1/20,12.25
2010/1/21,12.31
2010/1/22,12.03
2010/1/25,12.00
2010/1/26,11.53
2010/1/27,11.56
2010/1/28,11.59
2010/1/29,11.62
2010/2/1,11.50
2010/2/2,11.34
2010/2/3,11.56
2010/2/4,11.72
2010/2/5,11.28
2010/2/8,11.37
2010/2/9,11.47
2010/2/10,11.44
2010/2/22,12.22
2010/2/23,12.31
2010/2/24,12.34
2010/2/25,12.09
2010/2/26,12.53
2010/3/1,12.31
2010/3/2,12.22
2010/3/3,12.47
2010/3/4,12.22
2010/3/5,12.31
2010/3/8,12.28
2010/3/9,12.34
2010/3/10,12.41
2010/3/11,12.25
2010/3/12,12.38
2010/3/15,12.06
2010/3/16,12.16
2010/3/17,12.50
2010/3/18,12.59
2010/3/19,12.59
2010/3/22,12.38
2010/3/23,12.31
2010/3/24,12.22
2010/3/25,12.22
2010/3/26,12.25
2010/3/29,12.22
2010/3/30,12.31
2010/3/31,12.19
2010/4/1,12.50
2010/4/2,12.47
2010/4/6,12.47
2010/4/7,12.53
2010/4/8,12.50
2010/4/9,12.44
2010/4/12,12.47
2010/4/13,12.22
2010/4/14,12.34
2010/4/15,12.34
2010/4/16,12.28
2010/4/19,11.78
2010/4/20,11.69
2010/4/21,11.72
2010/4/22,11.56
2010/4/23,11.59
2010/4/26,12.00
2010/4/27,11.97
2010/4/28,11.66
2010/4/29,11.59
2010/4/30,11.59
2010/5/3,11.53
2010/5/4,11.47
2010/5/5,11.15
2010/5/6,10.97
2010/5/7,10.84
2010/5/10,10.97
2010/5/11,10.81
2010/5/12,10.97
2010/5/13,11.34
2010/5/14,11.31
2010/5/17,11.25
2010/5/18,11.22
2010/5/19,11.12
2010/5/20,10.97
2010/5/21,10.78
2010/5/24,10.93
2010/5/25,10.72
2010/5/26,11.15
2010/5/27,11.06
2010/5/28,11.06
2010/5/31,11.25
2010/6/1,11.03
2010/6/2,10.93
2010/6/3,11.12
2010/6/4,11.15
2010/6/7,10.78
2010/6/8,10.93
2010/6/9,10.78
2010/6/10,10.97
2010/6/11,11.25
2010/6/14,11.44
2010/6/15,11.69
2010/6/17,11.78
2010/6/18,11.72
2010/6/21,12.13
2010/6/22,12.00
2010/6/23,12.09
2010/6/24,11.97
2010/6/25,11.94
2010/6/28,12.22
2010/6/29,11.81
2010/6/30,11.62
2010/7/1,11.44
2010/7/2,11.91
2010/7/5,12.16
2010/7/6,12.34
2010/7/7,12.22
2010/7/8,12.25
2010/7/9,12.28
2010/7/12,12.22
2010/7/13,12.16
2010/7/14,12.41
2010/7/15,12.50
2010/7/16,12.47
2010/7/19,12.44
2010/7/20,12.44
2010/7/21,12.44
2010/7/22,12.41
2010/7/23,12.56
2010/7/26,12.53
2010/7/27,12.47
2010/7/28,12.59
2010/7/29,12.56
2010/7/30,12.50
2010/8/2,12.85
2010/8/3,12.69
2010/8/4,12.66
2010/8/5,12.75
2010/8/6,12.85
2010/8/9,13.13
2010/8/10,12.91
2010/8/11,12.81
2010/8/12,12.63
2010/8/13,12.86
2010/8/16,12.86
2010/8/17,12.82
2010/8/18,12.66
2010/8/19,12.56
2010/8/20,12.59
2010/8/23,12.86
2010/8/24,12.86
2010/8/25,12.36
2010/8/26,12.23
2010/8/27,12.43
2010/8/30,12.59
2010/8/31,12.43
2010/9/1,12.49
2010/9/2,12.59
2010/9/3,12.63
2010/9/6,12.76
2010/9/7,12.69
2010/9/8,12.63
2010/9/9,12.63
2010/9/10,12.69
2010/9/13,13.16
2010/9/14,13.02
2010/9/15,13.02
2010/9/16,13.02
2010/9/17,13.09
2010/9/20,13.22
2010/9/21,13.29
2010/9/23,13.32
2010/9/24,13.35
2010/9/27,13.55
2010/9/28,13.49
2010/9/29,13.42
2010/9/30,13.42
2010/10/1,13.49
2010/10/4,13.65
2010/10/5,13.55
2010/10/6,13.72
2010/10/7,13.62
2010/10/8,13.42
2010/10/11,13.29
2010/10/12,13.06
2010/10/13,13.22
2010/10/14,13.29
2010/10/15,13.35
2010/10/18,13.02
2010/10/19,12.96
2010/10/20,12.92
2010/10/21,12.92
2010/10/22,13.12
2010/10/25,13.32
2010/10/26,13.32
2010/10/27,13.16
2010/10/28,13.39
2010/10/29,13.35
2010/11/1,13.49
2010/11/2,13.55
2010/11/3,13.45
2010/11/4,13.52
2010/11/5,13.62
2010/11/8,13.59
2010/11/9,13.55
2010/11/10,13.55
2010/11/11,13.52
2010/11/12,13.19
2010/11/15,12.96
2010/11/16,13.06
2010/11/17,12.92
2010/11/18,12.92
2010/11/19,12.96
2010/11/22,13.12
2010/11/23,12.92
2010/11/24,13.06
2010/11/25,13.16
2010/11/26,12.99
2010/11/29,13.12
2010/11/30,12.99
2010/12/1,13.88
2010/12/2,14.54
2010/12/3,14.51
2010/12/6,15.01
2010/12/7,14.97
2010/12/8,14.78
2010/12/9,14.81
2010/12/10,14.74
2010/12/13,14.78
2010/12/14,14.71
2010/12/15,14.81
2010/12/16,14.81
2010/12/17,15.07
2010/12/20,15.01
2010/12/21,14.97
2010/12/22,15.01
2010/12/23,14.94
2010/12/24,14.97
2010/12/27,15.20
2010/12/28,15.24
2010/12/29,16.30
2010/12/30,16.00
2010/12/31,16.06
2011/1/3,16.30
2011/1/4,15.93
2011/1/5,15.37
2011/1/6,15.40
2011/1/7,14.97
2011/1/10,15.01
2011/1/11,15.17
2011/1/12,15.40
2011/1/13,15.34
2011/1/14,15.34
2011/1/17,15.07
2011/1/18,15.47
2011/1/19,15.47
2011/1/20,15.34
2011/1/21,15.24
2011/1/24,15.27
2011/1/25,15.44
2011/1/26,15.54
2011/1/27,15.50
2011/1/28,15.63
2011/2/7,14.77
2011/2/8,15.60
2011/2/9,15.44
2011/2/10,14.74
2011/2/11,14.05
2011/2/14,14.08
2011/2/15,13.88
2011/2/16,14.01
2011/2/17,13.78
2011/2/18,14.44
2011/2/21,14.41
2011/2/22,14.18
2011/2/23,14.05
2011/2/24,13.92
2011/2/25,13.88
2011/3/1,14.11
2011/3/2,13.92
2011/3/3,14.11
2011/3/4,14.15
2011/3/7,14.15
2011/3/8,14.21
2011/3/9,14.25
2011/3/10,14.15
2011/3/11,14.08
2011/3/14,13.78
2011/3/15,13.39
2011/3/16,13.45
2011/3/17,13.49
2011/3/18,13.52
2011/3/21,13.59
2011/3/22,13.88
2011/3/23,14.11
2011/3/24,14.18
2011/3/25,14.21
2011/3/28,14.18
2011/3/29,14.31
2011/3/30,14.44
2011/3/31,14.54
2011/4/1,14.48
2011/4/6,14.87
2011/4/7,14.91
2011/4/8,14.94
2011/4/11,14.84
2011/4/12,14.68
2011/4/13,14.74
2011/4/14,14.71
2011/4/15,14.51
2011/4/18,14.41
2011/4/19,14.11
2011/4/20,14.51
2011/4/21,15.14
2011/4/22,15.20
2011/4/25,15.37
2011/4/26,15.04
2011/4/27,15.34
2011/4/28,15.24
2011/4/29,15.14
2011/5/3,15.24
2011/5/4,15.11
2011/5/5,15.20
2011/5/6,15.17
2011/5/9,15.27
2011/5/10,15.27
2011/5/11,15.20
2011/5/12,15.11
2011/5/13,15.11
2011/5/16,14.97
2011/5/17,14.91
2011/5/18,14.84
2011/5/19,14.87
2011/5/20,14.71
2011/5/23,14.48
2011/5/24,14.68
2011/5/25,14.44
2011/5/26,14.51
2011/5/27,14.58
2011/5/30,14.61
2011/5/31,14.91
2011/6/1,14.94
2011/6/2,14.78
2011/6/3,14.87
2011/6/7,14.91
2011/6/8,14.74
2011/6/9,14.87
2011/6/10,14.68
2011/6/13,14.51
2011/6/14,14.61
2011/6/15,14.48
2011/6/16,14.11
2011/6/17,13.92
2011/6/20,13.92
2011/6/21,14.21
2011/6/22,14.25
2011/6/23,14.28
2011/6/24,14.25
2011/6/27,14.28
2011/6/28,14.11
2011/6/29,14.41
2011/6/30,14.74
2011/7/1,14.87
2011/7/4,14.71
2011/7/5,14.74
2011/7/6,14.81
2011/7/7,14.78
2011/7/8,14.81
2011/7/11,14.81
2011/7/12,14.48
2011/7/13,14.64
2011/7/14,14.61
2011/7/15,14.91
2011/7/18,14.87
2011/7/19,14.81
2011/7/20,15.07
2011/7/21,15.01
2011/7/22,15.14
2011/7/25,14.91
2011/7/26,15.11
2011/7/27,15.11
2011/7/28,15.07
2011/7/29,15.01
2011/8/1,15.54
2011/8/2,15.40
2011/8/3,15.14
2011/8/4,15.30
2011/8/5,14.41
2011/8/8,13.85
2011/8/9,13.85
2011/8/10,14.54
2011/8/11,15.19
2011/8/12,14.85
2011/8/15,15.01
2011/8/16,15.04
2011/8/17,14.97
2011/8/18,14.97
2011/8/19,14.55
2011/8/22,14.63
2011/8/23,15.04
2011/8/24,14.82
2011/8/25,14.63
2011/8/26,14.67
2011/8/29,14.89
2011/8/30,14.78
2011/8/31,14.97
2011/9/1,15.04
2011/9/2,15.01
2011/9/5,14.48
2011/9/6,13.96
2011/9/7,14.15
2011/9/8,14.18
2011/9/9,14.23
2011/9/13,13.63
2011/9/14,13.19
2011/9/15,13.41
2011/9/16,13.85
2011/9/19,13.52
2011/9/20,13.44
2011/9/21,13.63
2011/9/22,13.14
2011/9/23,12.62
2011/9/26,12.48
2011/9/27,13.26
2011/9/28,13.37
2011/9/29,13.44
2011/9/30,13.71
2011/10/3,12.96
2011/10/4,13.26
2011/10/5,13.14
2011/10/6,13.78
2011/10/7,13.93
2011/10/11,14.23
2011/10/12,14.08
2011/10/13,14.08
2011/10/14,13.81
2011/10/17,14.00
2011/10/18,13.74
2011/10/19,13.93
2011/10/20,13.59
2011/10/21,13.66
2011/10/24,14.45
2011/10/25,14.30
2011/10/26,14.55
2011/10/27,14.45
2011/10/28,14.74
2011/10/31,14.67
2011/11/1,14.63
2011/11/2,14.48
2011/11/3,14.11
2011/11/4,14.30
2011/11/7,13.88
2011/11/8,13.02
2011/11/9,12.84
2011/11/10,12.45
2011/11/11,12.52
2011/11/14,12.60
2011/11/15,12.49
2011/11/16,12.27
2011/11/17,12.20
2011/11/18,12.20
2011/11/21,12.13
2011/11/22,12.17
2011/11/23,11.85
2011/11/24,12.03
2011/11/25,11.95
2011/11/28,12.03
2011/11/29,12.10
2011/11/30,12.20
2011/12/1,12.70
2011/12/2,12.42
2011/12/5,12.27
2011/12/6,12.13
2011/12/7,12.24
2011/12/8,12.20
2011/12/9,12.06
2011/12/12,12.03
2011/12/13,11.95
2011/12/14,11.88
2011/12/15,11.78
2011/12/16,11.78
2011/12/19,11.46
2011/12/20,11.46
2011/12/21,12.03
2011/12/22,11.85
2011/12/23,12.03
2011/12/26,11.99
2011/12/27,12.03
2011/12/28,11.85
2011/12/29,11.63
2011/12/30,11.63
2012/1/2,11.39
2012/1/3,11.60
2012/1/4,11.56
2012/1/5,11.63
2012/1/6,11.60
2012/1/9,11.53
2012/1/10,11.60
2012/1/11,11.56
2012/1/12,11.46
2012/1/13,11.53
2012/1/16,11.35
2012/1/17,11.53
2012/1/18,11.53
2012/1/30,11.74
2012/1/31,11.95
2012/2/1,11.95
2012/2/2,12.03
2012/2/3,11.99
2012/2/6,12.17
2012/2/7,12.27
2012/2/8,12.49
2012/2/9,12.42
2012/2/10,12.42
2012/2/13,12.49
2012/2/14,12.24
2012/2/15,12.45
2012/2/16,12.31
2012/2/17,12.38
2012/2/20,12.35
2012/2/21,12.17
2012/2/22,12.27
2012/2/23,12.20
2012/2/24,12.31
2012/2/29,12.42
2012/3/1,12.42
2012/3/2,12.42
2012/3/5,12.20
2012/3/6,12.17
2012/3/7,12.03
2012/3/8,12.24
2012/3/9,12.27
2012/3/12,12.17
2012/3/13,12.45
2012/3/14,12.49
2012/3/15,12.45
2012/3/16,12.45
2012/3/19,12.45
2012/3/20,12.35
2012/3/21,12.27
2012/3/22,12.27
2012/3/23,12.38
2012/3/26,12.13
2012/3/27,12.24
2012/3/28,12.13
2012/3/29,11.95
2012/3/30,12.03
2012/4/2,11.95
2012/4/3,11.95
2012/4/5,11.63
2012/4/6,11.71
2012/4/9,11.53
2012/4/10,11.60
2012/4/11,11.56
2012/4/12,11.60
2012/4/13,11.71
2012/4/16,11.60
2012/4/17,11.46
2012/4/18,11.46
2012/4/19,11.60
2012/4/20,11.49
2012/4/23,11.60
2012/4/24,11.56
2012/4/25,11.71
2012/4/26,11.67
2012/4/27,11.63
2012/4/30,11.53
2012/5/2,11.81
2012/5/3,11.78
2012/5/4,11.92
2012/5/7,11.67
2012/5/8,11.74
2012/5/9,11.56
2012/5/10,11.71
2012/5/11,11.56
2012/5/14,11.49
2012/5/15,11.49
2012/5/16,11.28
2012/5/17,11.46
2012/5/18,11.24
2012/5/21,11.39
2012/5/22,11.39
2012/5/23,11.21
2012/5/24,11.24
2012/5/25,11.17
2012/5/28,11.31
2012/5/29,11.49
2012/5/30,11.24
2012/5/31,11.67
2012/6/1,11.28
2012/6/4,11.10
2012/6/5,11.24
2012/6/6,11.24
2012/6/7,11.35
2012/6/8,11.39
2012/6/11,11.49
2012/6/12,11.53
2012/6/13,11.49
2012/6/14,11.56
2012/6/15,11.67
2012/6/18,11.74
2012/6/19,11.71
2012/6/20,11.74
2012/6/21,11.53
2012/6/22,11.42
2012/6/25,11.39
2012/6/26,11.46
2012/6/27,11.49
2012/6/28,11.42
2012/6/29,11.71
2012/7/2,11.71
2012/7/3,11.78
2012/7/4,11.78
2012/7/5,11.74
2012/7/6,11.81
2012/7/9,11.74
2012/7/10,11.74
2012/7/11,11.74
2012/7/12,11.63
2012/7/13,11.74
2012/7/16,11.78
2012/7/17,11.88
2012/7/18,11.71
2012/7/19,11.78
2012/7/20,11.88
2012/7/23,11.81
2012/7/24,11.85
2012/7/25,11.78
2012/7/26,11.78
2012/7/27,11.92
2012/7/30,12.03
2012/7/31,12.10
2012/8/1,12.06
2012/8/3,11.95
2012/8/6,12.06
2012/8/7,12.10
2012/8/8,12.17
2012/8/9,12.27
2012/8/10,12.27
2012/8/13,12.27
2012/8/14,12.20
2012/8/15,11.95
2012/8/16,12.03
2012/8/17,11.99
2012/8/20,11.95
2012/8/21,12.14
2012/8/22,12.14
2012/8/23,12.22
2012/8/24,12.14
2012/8/27,12.14
2012/8/28,12.10
2012/8/29,12.14
2012/8/30,11.99
2012/8/31,12.03
2012/9/3,11.99
2012/9/4,12.03
2012/9/5,11.81
2012/9/6,11.84
2012/9/7,11.95
2012/9/10,11.95
2012/9/11,11.88
2012/9/12,12.03
2012/9/13,12.07
2012/9/14,12.29
2012/9/17,12.29
2012/9/18,12.33
2012/9/19,12.37
2012/9/20,12.33
2012/9/21,12.44
2012/9/24,12.40
2012/9/25,12.40
2012/9/26,12.25
2012/9/27,12.33
2012/9/28,12.29
2012/10/1,12.25
2012/10/2,12.33
2012/10/3,12.22
2012/10/4,12.33
2012/10/5,12.37
2012/10/8,12.22
2012/10/9,12.25
2012/10/11,12.07
2012/10/12,12.07
2012/10/15,12.07
2012/10/16,12.03
2012/10/17,12.07
2012/10/18,11.99
2012/10/19,11.92
2012/10/22,11.84
2012/10/23,11.84
2012/10/24,11.77
2012/10/25,11.77
2012/10/26,11.54
2012/10/29,11.47
2012/10/30,11.51
2012/10/31,11.47
2012/11/1,11.47
2012/11/2,11.62
2012/11/5,11.58
2012/11/6,11.58
2012/11/7,11.73
2012/11/8,11.54
2012/11/9,11.58
2012/11/12,11.51
2012/11/13,11.36
2012/11/14,11.39
2012/11/15,11.39
2012/11/16,11.36
2012/11/19,11.39
2012/11/20,11.47
2012/11/21,11.32
2012/11/22,11.51
2012/11/23,11.84
2012/11/26,11.95
2012/11/27,12.03
2012/11/28,12.07
2012/11/29,12.07
2012/11/30,12.29
2012/12/3,12.33
2012/12/4,12.18
2012/12/5,12.33
2012/12/6,12.33
2012/12/7,12.29
2012/12/10,12.22
2012/12/11,12.33
2012/12/12,12.40
2012/12/13,12.48
2012/12/14,12.52
2012/12/17,12.48
2012/12/18,12.40
2012/12/19,12.55
2012/12/20,12.44
2012/12/21,12.10
2012/12/24,12.29
2012/12/25,12.40
2012/12/26,12.29
2012/12/27,12.44
2012/12/28,12.55
2013/1/2,12.66
2013/1/3,12.66
2013/1/4,12.48
2013/1/7,12.40
2013/1/8,12.55
2013/1/9,12.52
2013/1/10,12.63
2013/1/11,12.70
2013/1/14,12.70
2013/1/15,12.66
2013/1/16,12.59
2013/1/17,12.44
2013/1/18,12.59
2013/1/21,12.55
2013/1/22,12.63
2013/1/23,12.63
2013/1/24,12.48
2013/1/25,12.29
2013/1/28,12.52
2013/1/29,12.59
2013/1/30,12.59
2013/1/31,12.74
2013/2/1,12.74
2013/2/4,12.89
2013/2/5,12.85
2013/2/6,12.89
2013/2/18,12.96
2013/2/19,12.85
2013/2/20,13.15
2013/2/21,12.93
2013/2/22,12.89
2013/2/25,13.04
2013/2/26,12.96
2013/2/27,12.96
2013/3/1,12.93
2013/3/4,12.74
2013/3/5,12.85
2013/3/6,12.85
2013/3/7,12.85
2013/3/8,13.15
2013/3/11,13.08
2013/3/12,13.00
2013/3/13,13.11
2013/3/14,13.00
2013/3/15,12.89
2013/3/18,12.74
2013/3/19,12.78
2013/3/20,12.66
2013/3/21,12.66
2013/3/22,12.63
2013/3/25,12.81
2013/3/26,12.70
2013/3/27,12.89
2013/3/28,12.85
2013/3/29,12.93
2013/4/1,12.85
2013/4/2,12.85
2013/4/3,12.93
2013/4/8,12.59
2013/4/9,12.55
2013/4/10,12.55
2013/4/11,12.74
2013/4/12,12.70
2013/4/15,12.66
2013/4/16,12.63
2013/4/17,12.40
2013/4/18,12.44
2013/4/19,12.63
2013/4/22,12.63
2013/4/23,12.66
2013/4/24,12.78
2013/4/25,12.70
2013/4/26,12.66
2013/4/29,12.74
2013/4/30,12.81
2013/5/2,12.78
2013/5/3,12.81
2013/5/6,12.81
2013/5/7,12.85
2013/5/8,12.93
2013/5/9,12.96
2013/5/10,12.96
2013/5/13,12.85
2013/5/14,12.78
2013/5/15,12.93
2013/5/16,13.08
2013/5/17,13.08
2013/5/20,13.08
2013/5/21,13.00
2013/5/22,13.08
2013/5/23,12.85
2013/5/24,12.81
2013/5/27,12.96
2013/5/28,12.89
2013/5/29,13.08
2013/5/30,12.93
2013/5/31,13.11
2013/6/3,12.81
2013/6/4,12.89
2013/6/5,12.78
2013/6/6,12.70
2013/6/7,12.81
2013/6/10,12.78
2013/6/11,12.70
2013/6/13,12.52
2013/6/14,12.44
2013/6/17,12.48
2013/6/18,12.52
2013/6/19,12.40
2013/6/20,12.33
2013/6/21,12.14
2013/6/24,12.18
2013/6/25,12.10
2013/6/26,12.33
2013/6/27,12.25
2013/6/28,12.55
2013/7/1,12.48
2013/7/2,12.40
2013/7/3,12.40
2013/7/4,12.33
2013/7/5,12.37
2013/7/8,12.40
2013/7/9,12.44
2013/7/10,12.55
2013/7/11,12.81
2013/7/12,12.85
2013/7/15,12.93
2013/7/16,13.00
2013/7/17,13.08
2013/7/18,13.08
2013/7/19,12.96
2013/7/22,13.00
2013/7/23,13.11
2013/7/24,13.08
2013/7/25,13.00
2013/7/26,13.08
2013/7/29,13.08
2013/7/30,13.11
2013/7/31,13.04
2013/8/1,13.08
2013/8/2,13.11
2013/8/5,13.11
2013/8/6,13.00
2013/8/7,12.89
2013/8/8,12.81
2013/8/9,12.70
2013/8/12,12.89
2013/8/13,12.93
2013/8/14,12.93
2013/8/15,12.63
2013/8/16,12.59
2013/8/19,12.63
2013/8/20,12.59
2013/8/22,12.63
2013/8/23,12.63
2013/8/26,12.67
2013/8/27,12.63
2013/8/28,12.63
2013/8/29,12.63
2013/8/30,12.79
2013/9/2,12.79
2013/9/3,12.87
2013/9/4,12.98
2013/9/5,13.10
2013/9/6,13.14
2013/9/9,13.14
2013/9/10,13.18
2013/9/11,13.26
2013/9/12,13.34
2013/9/13,13.34
2013/9/16,13.42
2013/9/17,13.42
2013/9/18,13.34
2013/9/23,13.53
2013/9/24,13.53
2013/9/25,13.53
2013/9/26,13.30
2013/9/27,13.45
2013/9/30,13.26
2013/10/1,13.30
2013/10/2,13.30
2013/10/3,13.57
2013/10/4,13.61
2013/10/7,13.57
2013/10/8,13.69
2013/10/9,13.61
2013/10/11,13.61
2013/10/14,13.53
2013/10/15,13.69
2013/10/16,13.69
2013/10/17,13.69
2013/10/18,13.69
2013/10/21,13.69
2013/10/22,13.69
2013/10/23,13.65
2013/10/24,13.69
2013/10/25,13.53
2013/10/28,13.65
2013/10/29,13.57
2013/10/30,13.69
2013/10/31,13.65
2013/11/1,13.61
2013/11/4,13.49
2013/11/5,13.38
2013/11/6,13.45
2013/11/7,13.34
2013/11/8,13.42
2013/11/11,13.26
2013/11/12,13.30
2013/11/13,13.14
2013/11/14,13.14
2013/11/15,13.22
2013/11/18,13.34
2013/11/19,13.30
2013/11/20,13.18
2013/11/21,13.10
2013/11/22,13.22
2013/11/25,13.53
2013/11/26,13.34
2013/11/27,13.34
2013/11/28,13.49
2013/11/29,13.49
2013/12/2,13.53
2013/12/3,13.45
2013/12/4,13.57
2013/12/5,13.49
2013/12/6,13.38
2013/12/9,13.61
2013/12/10,13.65
2013/12/11,13.69
2013/12/12,13.45
2013/12/13,13.57
2013/12/16,13.42
2013/12/17,13.38
2013/12/18,13.53
2013/12/19,13.61
2013/12/20,13.42
2013/12/23,13.45
2013/12/24,13.45
2013/12/25,13.53
2013/12/26,13.49
2013/12/27,13.53
2013/12/30,13.69
2013/12/31,13.65
2014/1/2,13.65
2014/1/3,13.53
2014/1/6,13.45
2014/1/7,13.45
2014/1/8,13.45
2014/1/9,13.57
2014/1/10,13.57
2014/1/13,13.65
2014/1/14,13.73
2014/1/15,13.69
2014/1/16,13.69
2014/1/17,13.73
2014/1/20,13.69
2014/1/21,13.65
2014/1/22,13.73
2014/1/23,13.65
2014/1/24,13.73
2014/1/27,13.42
2014/2/5,13.14
2014/2/6,13.14
2014/2/7,13.22
2014/2/10,13.22
2014/2/11,13.22
2014/2/12,13.38
2014/2/13,13.38
2014/2/14,13.49
2014/2/17,13.49
2014/2/18,13.61
2014/2/19,13.65
2014/2/20,13.49
2014/2/21,13.65
2014/2/24,13.65
2014/2/25,13.57
2014/2/26,13.53
2014/2/27,13.65
2014/3/3,13.49
2014/3/4,13.45
2014/3/5,13.49
2014/3/6,13.61
2014/3/7,13.65
2014/3/10,13.53
2014/3/11,13.45
2014/3/12,13.57
2014/3/13,13.49
2014/3/14,13.45
2014/3/17,13.57
2014/3/18,13.49
2014/3/19,13.49
2014/3/20,13.38
2014/3/21,13.34
2014/3/24,13.45
2014/3/25,13.38
2014/3/26,13.38
2014/3/27,13.34
2014/3/28,13.49
2014/3/31,13.53
2014/4/1,13.61
2014/4/2,13.42
2014/4/3,13.53
2014/4/7,13.42
2014/4/8,13.57
2014/4/9,13.57
2014/4/10,13.65
2014/4/11,13.61
2014/4/14,13.61
2014/4/15,13.45
2014/4/16,13.45
2014/4/17,13.57
2014/4/18,13.53
2014/4/21,13.49
2014/4/22,13.53
2014/4/23,13.53
2014/4/24,13.53
2014/4/25,13.42
2014/4/28,13.38
2014/4/29,13.49
2014/4/30,13.34
2014/5/2,13.53
2014/5/5,13.49
2014/5/6,13.53
2014/5/7,13.49
2014/5/8,13.57
2014/5/9,13.57
2014/5/12,13.57
2014/5/13,13.49
2014/5/14,13.61
2014/5/15,13.65
2014/5/16,13.61
2014/5/19,13.57
2014/5/20,13.65
2014/5/21,13.53
2014/5/22,13.73
2014/5/23,13.77
2014/5/26,13.73
2014/5/27,13.81
2014/5/28,14.00
2014/5/29,14.08
2014/5/30,14.40
2014/6/3,14.40
2014/6/4,14.16
2014/6/5,14.24
2014/6/6,14.28
2014/6/9,14.24
2014/6/10,14.40
2014/6/11,14.36
2014/6/12,14.44
2014/6/13,14.47
2014/6/16,14.40
2014/6/17,14.47
2014/6/18,14.47
2014/6/19,14.44
2014/6/20,14.24
2014/6/23,14.44
2014/6/24,14.51
2014/6/25,14.59
2014/6/26,14.67
2014/6/27,14.63
2014/6/30,14.67
2014/7/1,14.67
2014/7/2,14.71
2014/7/3,14.55
2014/7/4,14.59
2014/7/7,14.51
2014/7/8,14.71
2014/7/9,14.71
2014/7/10,14.79
2014/7/11,14.59
2014/7/14,14.67
2014/7/15,14.79
2014/7/16,14.63
2014/7/17,14.79
2014/7/18,14.79
2014/7/21,14.71
2014/7/22,14.87
2014/7/24,14.91
2014/7/25,15.02
2014/7/28,15.18
2014/7/29,15.14
2014/7/30,15.34
2014/7/31,15.18
2014/8/1,15.02
2014/8/4,14.98
2014/8/5,14.63
2014/8/6,14.83
2014/8/7,14.91
2014/8/8,14.79
2014/8/11,14.83
2014/8/12,14.75
2014/8/13,14.91
2014/8/14,14.46
2014/8/15,14.42
2014/8/18,14.42
2014/8/19,14.71
2014/8/20,14.95
2014/8/21,15.15
2014/8/22,15.31
2014/8/25,15.35
2014/8/26,15.23
2014/8/27,15.35
2014/8/28,15.27
2014/8/29,14.99
2014/9/1,15.11
2014/9/2,14.95
2014/9/3,15.19
2014/9/4,15.15
2014/9/5,15.03
2014/9/9,15.03
2014/9/10,14.95
2014/9/11,14.99
2014/9/12,14.99
2014/9/15,14.91
2014/9/16,14.71
2014/9/17,14.91
2014/9/18,14.99
2014/9/19,15.07
2014/9/22,14.83
2014/9/23,14.79
2014/9/24,14.95
2014/9/25,14.83
2014/9/26,14.63
2014/9/29,14.46
2014/9/30,14.34
2014/10/1,14.26
2014/10/2,14.06
2014/10/3,14.42
2014/10/6,14.26
2014/10/7,14.18
2014/10/8,14.14
2014/10/9,14.38
2014/10/13,14.02
2014/10/14,14.02
2014/10/15,13.82
2014/10/16,13.78
2014/10/17,13.98
2014/10/20,13.94
2014/10/21,14.06
2014/10/22,14.10
2014/10/23,14.18
2014/10/24,14.14
2014/10/27,14.18
2014/10/28,14.42
2014/10/29,14.55
2014/10/30,14.34
2014/10/31,14.55
2014/11/3,14.55
2014/11/4,14.50
2014/11/5,14.42
2014/11/6,14.38
2014/11/7,14.26
2014/11/10,14.55
2014/11/11,14.46
2014/11/12,14.26
2014/11/13,14.30
2014/11/14,14.30
2014/11/17,14.14
2014/11/18,14.18
2014/11/19,14.30
2014/11/20,14.46
2014/11/21,14.34
2014/11/24,14.34
2014/11/25,14.30
2014/11/26,14.26
2014/11/27,14.34
2014/11/28,14.42
2014/12/1,14.14
2014/12/2,14.02
2014/12/3,14.10
2014/12/4,14.26
2014/12/5,14.22
2014/12/8,14.26
2014/12/9,14.26
2014/12/10,14.06
2014/12/11,13.94
2014/12/12,13.90
2014/12/15,13.86
2014/12/16,13.86
2014/12/17,13.74
2014/12/18,13.86
2014/12/19,14.06
2014/12/22,14.06
2014/12/23,13.98
2014/12/24,14.22
2014/12/25,14.14
2014/12/26,14.22
2014/12/29,14.26
2014/12/30,14.22
2014/12/31,14.34
2015/1/5,14.22
2015/1/6,13.86
2015/1/7,13.82
2015/1/8,14.06
2015/1/9,14.10
2015/1/12,14.02
2015/1/13,14.18
2015/1/14,13.98
2015/1/15,13.94
2015/1/16,13.94
2015/1/19,14.02
2015/1/20,13.98
2015/1/21,14.14
2015/1/22,14.22
2015/1/23,14.38
2015/1/26,14.34
2015/1/27,14.38
2015/1/28,14.26
2015/1/29,14.14
2015/1/30,14.18
2015/2/2,14.18
2015/2/3,14.22
2015/2/4,14.34
2015/2/5,14.38
2015/2/6,14.38
2015/2/9,14.22
2015/2/10,14.38
2015/2/11,14.38
2015/2/12,14.30
2015/2/13,14.26
2015/2/24,14.50
2015/2/25,14.63
2015/2/26,14.55
2015/3/2,14.34
2015/3/3,14.34
2015/3/4,14.42
2015/3/5,14.30
2015/3/6,14.42
2015/3/9,14.26
2015/3/10,14.22
2015/3/11,14.14
2015/3/12,14.22
2015/3/13,14.14
2015/3/16,14.14
2015/3/17,14.26
2015/3/18,14.38
2015/3/19,14.46
2015/3/20,14.42
2015/3/23,14.38
2015/3/24,14.46
2015/3/25,14.42
2015/3/26,14.42
2015/3/27,14.34
2015/3/30,14.30
2015/3/31,14.46
2015/4/1,14.42
2015/4/2,14.55
2015/4/7,14.63
2015/4/8,14.59
2015/4/9,14.71
2015/4/10,14.75
2015/4/13,14.75
2015/4/14,14.83
2015/4/15,14.67
2015/4/16,14.75
2015/4/17,14.67
2015/4/20,14.71
2015/4/21,14.75
2015/4/22,14.79
2015/4/23,15.15
2015/4/24,15.19
2015/4/27,15.51
2015/4/28,15.60
2015/4/29,15.31
2015/4/30,15.23
2015/5/4,15.43
2015/5/5,15.35
2015/5/6,15.27
2015/5/7,15.03
2015/5/8,15.15
2015/5/11,15.19
2015/5/12,15.19
2015/5/13,15.19
2015/5/14,14.91
2015/5/15,14.95
2015/5/18,14.95
2015/5/19,15.03
2015/5/20,14.95
2015/5/21,14.83
2015/5/22,14.91
2015/5/25,14.87
2015/5/26,14.95
2015/5/27,14.95
2015/5/28,14.91
2015/5/29,14.91
2015/6/1,14.79
2015/6/2,14.71
2015/6/3,14.79
2015/6/4,14.42
2015/6/5,14.38
2015/6/8,14.46
2015/6/9,14.38
2015/6/10,14.38
2015/6/11,14.34
2015/6/12,14.38
2015/6/15,14.34
2015/6/16,14.22
2015/6/17,14.14
2015/6/18,14.18
2015/6/22,14.34
2015/6/23,14.34
2015/6/24,14.46
2015/6/25,14.59
2015/6/26,14.55
2015/6/29,14.34
2015/6/30,14.34
2015/7/1,14.50
2015/7/2,14.42
2015/7/3,14.50
2015/7/6,14.38
2015/7/7,14.50
2015/7/8,14.26
2015/7/9,14.18
2015/7/13,14.34
2015/7/14,14.34
2015/7/15,14.50
2015/7/16,14.67
2015/7/17,14.71
2015/7/20,14.67
2015/7/21,14.71
2015/7/22,14.63
2015/7/23,14.59
2015/7/24,14.59
2015/7/27,14.30
2015/7/28,14.18
2015/7/29,14.26
2015/7/30,14.42
2015/7/31,14.50
2015/8/3,14.50
2015/8/4,14.55
2015/8/5,14.59
2015/8/6,14.46
2015/8/7,14.46
2015/8/10,14.46
2015/8/11,14.34
2015/8/12,14.14
2015/8/13,13.64
2015/8/14,13.69
2015/8/17,13.60
2015/8/18,13.39
2015/8/19,12.96
2015/8/20,12.87
2015/8/21,12.74
2015/8/24,12.44
2015/8/25,12.87
2015/8/26,12.83
2015/8/27,13.00
2015/8/28,13.22
2015/8/31,13.22
2015/9/1,13.00
2015/9/2,13.00
2015/9/3,13.09
2015/9/4,13.04
2015/9/7,13.04
2015/9/8,13.00
2015/9/9,13.43
2015/9/10,13.52
2015/9/11,13.52
2015/9/14,13.52
2015/9/15,13.39
2015/9/16,13.52
2015/9/17,13.64
2015/9/18,13.69
2015/9/21,13.43
2015/9/22,13.52
2015/9/23,13.22
2015/9/24,13.26
2015/9/25,13.22
2015/9/30,13.13
2015/10/1,13.39
2015/10/2,13.30
2015/10/5,13.39
2015/10/6,13.52
2015/10/7,13.52
2015/10/8,13.43
2015/10/12,13.60
2015/10/13,13.69
2015/10/14,13.52
2015/10/15,13.60
2015/10/16,13.77
2015/10/19,13.64
2015/10/20,13.69
2015/10/21,13.52
2015/10/22,13.64
2015/10/23,13.82
2015/10/26,13.90
2015/10/27,13.77
2015/10/28,13.77
2015/10/29,13.56
2015/10/30,13.43
2015/11/2,13.47
2015/11/3,13.77
2015/11/4,13.95
2015/11/5,13.90
2015/11/6,13.69
2015/11/9,13.60
2015/11/10,13.43
2015/11/11,13.43
2015/11/12,13.43
2015/11/13,13.34
2015/11/16,13.26
2015/11/17,13.34
2015/11/18,13.30
2015/11/19,13.39
2015/11/20,13.30
2015/11/23,13.30
2015/11/24,13.30
2015/11/25,13.39
2015/11/26,13.43
2015/11/27,13.22
2015/11/30,13.09
2015/12/1,13.43
2015/12/2,13.34
2015/12/3,13.30
2015/12/4,13.30
2015/12/7,13.26
2015/12/8,13.09
2015/12/9,12.96
2015/12/10,13.09
2015/12/11,12.92
2015/12/14,12.96
2015/12/15,12.87
2015/12/16,12.92
2015/12/17,13.09
2015/12/18,12.92
2015/12/21,12.92
2015/12/22,13.04
2015/12/23,13.13
2015/12/24,13.17
2015/12/25,13.22
2015/12/28,13.26
2015/12/29,13.13
2015/12/30,13.09
2015/12/31,13.09
2016/1/4,12.83
2016/1/5,12.79
2016/1/6,12.74
2016/1/7,12.53
2016/1/8,12.53
2016/1/11,12.31
2016/1/12,12.40
2016/1/13,12.40
2016/1/14,12.36
2016/1/15,12.23
2016/1/18,12.06
2016/1/19,12.14
2016/1/20,12.19
2016/1/21,11.93
2016/1/22,12.06
2016/1/25,12.49
2016/1/26,12.27
2016/1/27,12.40
2016/1/28,12.27
2016/1/29,12.70
2016/2/1,12.87
2016/2/2,12.83
2016/2/3,12.57
2016/2/15,12.74
2016/2/16,13.04
2016/2/17,12.83
2016/2/18,13.00
2016/2/19,13.17
2016/2/22,13.17
2016/2/23,13.17
2016/2/24,13.09
2016/2/25,13.22
2016/2/26,13.30
2016/3/1,13.26
2016/3/2,13.39
2016/3/3,13.56
2016/3/4,13.64
2016/3/7,13.64
2016/3/8,13.69
2016/3/9,13.47
2016/3/10,13.56
2016/3/11,13.60
2016/3/14,13.60
2016/3/15,13.39
2016/3/16,13.39
2016/3/17,13.60
2016/3/18,13.73
2016/3/21,13.56
2016/3/22,13.64
2016/3/23,13.73
2016/3/24,13.64
2016/3/25,13.60
2016/3/28,13.60
2016/3/29,13.56
2016/3/30,13.64
2016/3/31,13.73
2016/4/1,13.47
2016/4/6,13.43
2016/4/7,13.30
2016/4/8,13.26
2016/4/11,13.34
2016/4/12,13.39
2016/4/13,13.64
2016/4/14,13.64
2016/4/15,13.64
2016/4/18,13.60
2016/4/19,13.60
2016/4/20,13.34
2016/4/21,13.52
2016/4/22,13.47
2016/4/25,13.56
2016/4/26,13.56
2016/4/27,13.47
2016/4/28,13.30
2016/4/29,13.43
2016/5/3,13.56
2016/5/4,13.47
2016/5/5,13.34
2016/5/6,13.26
2016/5/9,13.26
2016/5/10,13.26
2016/5/11,13.26
2016/5/12,13.34
2016/5/13,13.56
2016/5/16,13.34
2016/5/17,13.43
2016/5/18,13.60
2016/5/19,13.52
2016/5/20,13.43
2016/5/23,13.60
2016/5/24,13.64
2016/5/25,13.73
2016/5/26,13.77
2016/5/27,14.03
2016/5/30,14.07
2016/5/31,13.95
2016/6/1,14.12
2016/6/2,14.07
2016/6/3,14.16
2016/6/6,14.20
2016/6/7,14.42
2016/6/8,14.55
2016/6/13,14.16
2016/6/14,14.25
2016/6/15,14.29
2016/6/16,14.07
2016/6/17,14.29
2016/6/20,14.33
2016/6/21,14.55
2016/6/22,14.42
2016/6/23,14.46
2016/6/24,14.12
2016/6/27,14.12
2016/6/28,14.12
2016/6/29,14.25
2016/6/30,14.33
2016/7/1,14.42
2016/7/4,14.42
2016/7/5,14.37
2016/7/6,14.25
2016/7/7,14.25
2016/7/11,14.50
2016/7/12,14.55
2016/7/13,14.63
2016/7/14,14.76
2016/7/15,14.89
2016/7/18,14.93
2016/7/19,15.02
2016/7/20,14.97
2016/7/21,14.97
2016/7/22,14.93
2016/7/25,14.97
2016/7/26,14.93
2016/7/27,14.97
2016/7/28,15.02
2016/7/29,14.93
2016/8/1,15.06
2016/8/2,15.06
2016/8/3,14.89
2016/8/4,14.85
2016/8/5,14.97
2016/8/8,15.15
2016/8/9,15.10
2016/8/10,15.28
2016/8/11,15.19
2016/8/12,15.19
2016/8/15,15.10
2016/8/16,15.19
2016/8/17,15.23
2016/8/18,14.81
2016/8/19,14.67
2016/8/22,14.49
2016/8/23,14.67
2016/8/24,14.58
2016/8/25,14.72
2016/8/26,14.76
2016/8/29,14.86
2016/8/30,14.81
2016/8/31,14.90
2016/9/1,14.58
2016/9/2,14.72
2016/9/5,14.86
2016/9/6,14.90
2016/9/7,14.90
2016/9/8,15.04
2016/9/9,14.90
2016/9/12,14.63
2016/9/13,14.72
2016/9/14,14.49
2016/9/19,14.81
2016/9/20,14.76
2016/9/21,14.76
2016/9/22,14.86
2016/9/23,14.90
2016/9/26,14.86
2016/9/29,14.86
2016/9/30,14.63
2016/10/3,14.67
2016/10/4,14.86
2016/10/5,14.86
2016/10/6,14.76
2016/10/7,14.63
2016/10/11,14.67
2016/10/12,14.67
2016/10/13,14.72
2016/10/14,14.58
2016/10/17,14.63
2016/10/18,14.72
2016/10/19,14.72
2016/10/20,14.72
2016/10/21,14.67
2016/10/24,14.67
2016/10/25,14.72
2016/10/26,14.63
2016/10/27,14.58
2016/10/28,14.67
2016/10/31,14.63
2016/11/1,14.67
2016/11/2,14.58
2016/11/3,14.49
2016/11/4,14.45
2016/11/7,14.49
2016/11/8,14.63
2016/11/9,14.35
2016/11/10,14.45
2016/11/11,14.22
2016/11/14,14.22
2016/11/15,14.22
2016/11/16,14.26
2016/11/17,14.26
2016/11/18,14.26
2016/11/21,14.31
2016/11/22,14.31
2016/11/23,14.45
2016/11/24,14.49
2016/11/25,14.58
2016/11/28,14.67
2016/11/29,14.58
2016/11/30,14.76
2016/12/1,14.72
2016/12/2,14.72
2016/12/5,14.58
2016/12/6,14.67
2016/12/7,14.76
2016/12/8,14.99
2016/12/9,15.04
2016/12/12,15.04
2016/12/13,15.08
2016/12/14,14.95
2016/12/15,14.99
2016/12/16,14.90
2016/12/19,14.86
2016/12/20,14.81
2016/12/21,14.76
2016/12/22,14.63
2016/12/23,14.58
2016/12/26,14.67
2016/12/27,14.67
2016/12/28,14.81
2016/12/29,14.67
2016/12/30,14.81
2017/1/3,14.81
2017/1/4,14.76
2017/1/5,14.90
2017/1/6,14.95
2017/1/9,14.99
2017/1/10,14.99
2017/1/11,15.04
2017/1/12,15.17
2017/1/13,15.08
2017/1/16,14.90
2017/1/17,14.99
2017/1/18,14.90
2017/1/19,14.86
2017/1/20,14.90
2017/1/23,14.99
2017/1/24,14.99
2017/2/2,14.86
2017/2/3,14.99
2017/2/6,15.04
2017/2/7,15.17
2017/2/8,15.13
2017/2/9,15.17
2017/2/10,15.31
2017/2/13,15.36
2017/2/14,15.36
2017/2/15,15.49
2017/2/16,15.45
2017/2/17,15.45
2017/2/20,15.45
2017/2/21,15.40
2017/2/22,15.45
2017/2/23,15.40
2017/2/24,15.40
2017/3/1,15.31
2017/3/2,15.40
2017/3/3,15.36
2017/3/6,15.40
2017/3/7,15.40
2017/3/8,15.36
2017/3/9,15.31
2017/3/10,15.31
2017/3/13,15.36
2017/3/14,15.36
2017/3/15,15.36
2017/3/16,15.49
2017/3/17,15.54
2017/3/20,15.49
2017/3/21,15.54
2017/3/22,15.45
2017/3/23,15.45
2017/3/24,15.40
2017/3/27,15.45
2017/3/28,15.49
2017/3/29,15.45
2017/3/30,15.49
2017/3/31,15.45
2017/4/5,15.54
2017/4/6,15.45
2017/4/7,15.40
2017/4/10,15.45
2017/4/11,15.40
2017/4/12,15.45
2017/4/13,15.36
2017/4/14,15.27
2017/4/17,15.27
2017/4/18,15.31
2017/4/19,15.17
2017/4/20,15.13
2017/4/21,15.17
2017/4/24,15.17
2017/4/25,15.31
2017/4/26,15.31
2017/4/27,15.36
2017/4/28,15.40
2017/5/2,15.68
2017/5/3,15.68
2017/5/4,15.77
2017/5/5,15.63
2017/5/8,15.72
2017/5/9,15.68
2017/5/10,15.63
2017/5/11,15.63
2017/5/12,15.63
2017/5/15,15.68
2017/5/16,15.63
2017/5/17,15.63
2017/5/18,15.58
2017/5/19,15.63
2017/5/22,15.63
2017/5/23,15.63
2017/5/24,15.68
2017/5/25,15.63
2017/5/26,15.72
2017/5/31,15.72
2017/6/1,15.63
2017/6/2,15.63
2017/6/5,15.63
2017/6/6,15.58
2017/6/7,15.58
2017/6/8,15.63
2017/6/9,15.58
2017/6/12,15.58
2017/6/13,15.58
2017/6/14,15.58
2017/6/15,15.58
2017/6/16,15.58
2017/6/19,15.58
2017/6/20,15.54
2017/6/21,15.54
2017/6/22,15.63
2017/6/23,15.63
2017/6/26,15.86
2017/6/27,15.99
2017/6/28,15.95
2017/6/29,16.13
2017/6/30,16.09
2017/7/3,16.04
2017/7/4,15.99
2017/7/5,16.13
2017/7/6,16.04
2017/7/7,16.04
2017/7/10,15.99
2017/7/11,16.04
2017/7/12,15.99
2017/7/13,15.99
2017/7/14,16.13
2017/7/17,16.31
2017/7/18,16.31
2017/7/19,16.22
2017/7/20,16.18
2017/7/21,16.13
2017/7/24,16.18
2017/7/25,16.22
2017/7/26,16.22
2017/7/27,16.27
2017/7/28,16.27
2017/7/31,16.09
2017/8/1,16.22
2017/8/2,16.50
2017/8/3,16.40
2017/8/4,16.59
2017/8/7,16.68
2017/8/8,16.68
2017/8/9,16.50
2017/8/10,16.31
2017/8/11,16.31
2017/8/14,16.22
2017/8/15,16.22
2017/8/16,16.27
2017/8/17,15.84
2017/8/18,15.74
2017/8/21,15.69
2017/8/22,15.79
2017/8/23,15.79
2017/8/24,15.93
2017/8/25,15.89
2017/8/28,16.08
2017/8/29,16.08
2017/8/30,16.08
2017/8/31,16.12
2017/9/1,16.08
2017/9/4,15.93
2017/9/5,15.98
2017/9/6,15.84
2017/9/7,15.84
2017/9/8,15.84
2017/9/11,15.84
2017/9/12,15.93
2017/9/13,15.84
2017/9/14,15.84
2017/9/15,15.74
2017/9/18,15.89
2017/9/19,15.89
2017/9/20,15.84
2017/9/21,15.84
2017/9/22,15.79
2017/9/25,15.74
2017/9/26,15.79
2017/9/27,15.84
2017/9/28,15.79
2017/9/29,15.74
2017/10/2,15.79
2017/10/3,15.84
2017/10/5,15.84
2017/10/6,15.89
2017/10/11,15.93
2017/10/12,16.03
2017/10/13,16.03
2017/10/16,16.08
2017/10/17,16.12
2017/10/18,16.03
2017/10/19,15.98
2017/10/20,15.93
2017/10/23,15.84
2017/10/24,15.89
2017/10/25,15.89
2017/10/26,15.89
2017/10/27,15.84
2017/10/30,15.79
2017/10/31,15.79
2017/11/1,15.84
2017/11/2,15.79
2017/11/3,15.89
2017/11/6,15.79
2017/11/7,15.84
2017/11/8,15.79
2017/11/9,15.84
2017/11/10,15.79
2017/11/13,15.74
2017/11/14,15.74
2017/11/15,15.74
2017/11/16,15.69
2017/11/17,15.74
2017/11/20,15.79
2017/11/21,15.93
2017/11/22,15.98
2017/11/23,15.98
2017/11/24,15.89
2017/11/27,15.89
2017/11/28,15.89
2017/11/29,15.84
2017/11/30,15.74
2017/12/1,15.89
2017/12/4,16.08
2017/12/5,16.12
2017/12/6,15.89
2017/12/7,15.84
2017/12/8,15.79
2017/12/11,15.84
2017/12/12,15.89
2017/12/13,15.93
2017/12/14,15.98
2017/12/15,15.89
2017/12/18,15.89
2017/12/19,15.93
2017/12/20,15.89
2017/12/21,15.93
2017/12/22,16.03
2017/12/25,15.98
2017/12/26,15.93
2017/12/27,15.98
2017/12/28,15.98
2017/12/29,16.03
2018/1/2,16.12
2018/1/3,16.17
2018/1/4,16.22
2018/1/5,16.41
2018/1/8,16.56
2018/1/9,16.56
2018/1/10,16.56
2018/1/11,16.51
2018/1/12,16.56
2018/1/15,16.60
2018/1/16,16.65
2018/1/17,16.75
2018/1/18,16.75
2018/1/19,16.70
2018/1/22,16.65
2018/1/23,16.65
2018/1/24,16.51
2018/1/25,16.65
2018/1/26,16.60
2018/1/29,16.65
2018/1/30,16.56
2018/1/31,16.65
2018/2/1,16.65
2018/2/2,16.65
2018/2/5,16.36
2018/2/6,15.89
2018/2/7,16.17
2018/2/8,16.08
2018/2/9,15.93
2018/2/12,16.03
2018/2/21,16.22
2018/2/22,16.22
2018/2/23,16.32
2018/2/26,16.41
2018/2/27,16.46
2018/3/1,16.36
2018/3/2,16.27
2018/3/5,16.22
2018/3/6,16.36
2018/3/7,16.36
2018/3/8,16.41
2018/3/9,16.51
2018/3/12,16.60
2018/3/13,16.70
2018/3/14,16.70
2018/3/15,16.65
2018/3/16,16.84
2018/3/19,16.84
2018/3/20,16.79
2018/3/21,16.84
2018/3/22,16.84
2018/3/23,16.70
2018/3/26,16.70
2018/3/27,16.84
2018/3/28,16.79
2018/3/29,16.75
2018/3/30,16.84
2018/3/31,16.84
2018/4/2,16.79
2018/4/3,16.75
2018/4/9,16.89
2018/4/10,17.03
2018/4/11,16.99
2018/4/12,17.03
2018/4/13,17.03
2018/4/16,16.99
2018/4/17,16.99
2018/4/18,16.99
2018/4/19,17.08
2018/4/20,16.99
2018/4/23,17.03
2018/4/24,16.99
2018/4/25,17.03
2018/4/26,17.08
2018/4/27,17.08
2018/4/30,17.18
2018/5/2,17.22
2018/5/3,17.13
2018/5/4,17.03
2018/5/7,16.99
2018/5/8,17.03
2018/5/9,16.99
2018/5/10,17.03
2018/5/11,17.08
2018/5/14,17.13
2018/5/15,17.22
2018/5/16,17.13
2018/5/17,17.13
2018/5/18,17.03
2018/5/21,17.13
2018/5/22,17.03
2018/5/23,16.99
2018/5/24,16.99
2018/5/25,16.99
2018/5/28,17.08
2018/5/29,17.13
2018/5/30,16.89
2018/5/31,17.13
2018/6/1,17.03
2018/6/4,17.03
2018/6/5,17.18
2018/6/6,17.18
2018/6/7,17.32
2018/6/8,17.27
2018/6/11,17.27
2018/6/12,17.27
2018/6/13,17.27
2018/6/14,17.03
2018/6/15,17.08
2018/6/19,16.84
2018/6/20,16.89
2018/6/21,16.84
2018/6/22,16.79
2018/6/25,16.84
2018/6/26,16.79
2018/6/27,16.75
2018/6/28,16.75
2018/6/29,16.99
2018/7/2,16.84
2018/7/3,16.75
2018/7/4,16.84
2018/7/5,16.84
2018/7/6,16.79
2018/7/9,16.84
2018/7/10,16.94
2018/7/11,16.84
2018/7/12,16.99
2018/7/13,17.03
2018/7/16,16.94
2018/7/17,17.03
2018/7/18,17.03
2018/7/19,17.08
2018/7/20,17.13
2018/7/23,17.18
2018/7/24,17.18
2018/7/25,17.13
2018/7/26,17.22
2018/7/27,17.22
2018/7/30,17.32
2018/7/31,17.56
2018/8/1,17.56
2018/8/2,17.46
2018/8/3,17.46
2018/8/6,17.46
2018/8/7,17.46
2018/8/8,17.61
2018/8/9,17.70
2018/8/10,17.94
2018/8/13,17.75
2018/8/14,17.89
2018/8/15,17.85
2018/8/16,17.45
2018/8/17,17.55
2018/8/20,17.75
2018/8/21,17.90
2018/8/22,18.00
2018/8/23,17.95
2018/8/24,17.85
2018/8/27,17.80
2018/8/28,17.90
2018/8/29,18.00
2018/8/30,17.95
2018/8/31,18.00
2018/9/3,17.95
2018/9/4,18.00
2018/9/5,17.80
2018/9/6,17.75
2018/9/7,17.85
2018/9/10,17.85
2018/9/11,17.85
2018/9/12,17.95
2018/9/13,18.00
2018/9/14,18.00
2018/9/17,17.95
2018/9/18,18.05
2018/9/19,18.15
2018/9/20,18.30
2018/9/21,18.50
2018/9/25,18.45
2018/9/26,18.45
2018/9/27,18.50
2018/9/28,18.50
2018/10/1,18.55
2018/10/2,18.35
2018/10/3,18.40
2018/10/4,18.15
2018/10/5,18.00
2018/10/8,18.05
2018/10/9,18.10
2018/10/11,17.50
2018/10/12,17.75
2018/10/15,17.45
2018/10/16,17.50
2018/10/17,17.50
2018/10/18,17.50
2018/10/19,17.55
2018/10/22,17.50
2018/10/23,17.30
2018/10/24,17.30
2018/10/25,17.25
2018/10/26,17.25
2018/10/29,17.15
2018/10/30,17.35
2018/10/31,17.45
2018/11/1,17.40
2018/11/2,17.50
2018/11/5,17.55
2018/11/6,17.55
2018/11/7,17.65
2018/11/8,17.70
2018/11/9,17.70
2018/11/12,17.70
2018/11/13,17.60
2018/11/14,17.70
2018/11/15,17.70
2018/11/16,17.80
2018/11/19,17.80
2018/11/20,17.70
2018/11/21,17.65
2018/11/22,17.65
2018/11/23,17.60
2018/11/26,17.70
2018/11/27,17.65
2018/11/28,17.70
2018/11/29,17.65
2018/11/30,17.55
2018/12/3,17.75
2018/12/4,17.85
2018/12/5,17.75
2018/12/6,17.70
2018/12/7,17.70
2018/12/10,17.60
2018/12/11,17.60
2018/12/12,17.60
2018/12/13,17.60
2018/12/14,17.55
2018/12/17,17.55
2018/12/18,17.45
2018/12/19,17.60
2018/12/20,17.55
2018/12/21,17.40
2018/12/22,17.45
2018/12/24,17.55
2018/12/25,17.35
2018/12/26,17.30
2018/12/27,17.40
2018/12/28,17.50
2019/1/2,17.40
2019/1/3,17.50
2019/1/4,17.40
2019/1/7,17.80
2019/1/8,17.70
2019/1/9,17.95
2019/1/10,17.95
2019/1/11,18.00
2019/1/14,18.00
2019/1/15,18.10
2019/1/16,17.95
2019/1/17,18.05
2019/1/18,18.25
2019/1/21,18.20
2019/1/22,18.20
2019/1/23,18.25
2019/1/24,18.30
2019/1/25,18.45
2019/1/28,18.45
2019/1/29,18.40
2019/1/30,18.45
2019/2/11,18.45
2019/2/12,18.50
2019/2/13,18.40
2019/2/14,18.40
2019/2/15,18.30
2019/2/18,18.45
2019/2/19,18.45
2019/2/20,18.55
2019/2/21,18.60
2019/2/22,18.65
2019/2/25,18.70
2019/2/26,18.70
2019/2/27,18.90
2019/3/4,18.85
2019/3/5,18.85
2019/3/6,18.90
2019/3/7,18.80
2019/3/8,18.75
2019/3/11,18.75
2019/3/12,18.90
2019/3/13,18.95
2019/3/14,18.95
2019/3/15,19.00
2019/3/18,19.10
2019/3/19,19.20
2019/3/20,19.30
2019/3/21,19.35
2019/3/22,19.25
2019/3/25,19.15
2019/3/26,19.20
2019/3/27,19.15
2019/3/28,19.05
2019/3/29,19.40
2019/4/1,19.25
2019/4/2,19.25
2019/4/3,19.20
2019/4/8,19.25
2019/4/9,19.25
2019/4/10,19.30
2019/4/11,19.20
2019/4/12,19.25
2019/4/15,19.30
2019/4/16,19.20
2019/4/17,19.25
2019/4/18,19.20
2019/4/19,19.30
2019/4/22,19.35
2019/4/23,19.40
2019/4/24,19.60
2019/4/25,19.70
2019/4/26,19.70
2019/4/29,19.90
2019/4/30,20.20
2019/5/2,20.25
2019/5/3,20.20
2019/5/6,20.00
2019/5/7,20.10
2019/5/8,20.20
2019/5/9,20.05
2019/5/10,20.10
2019/5/13,20.05
2019/5/14,19.95
2019/5/15,20.00
2019/5/16,19.90
2019/5/17,19.90
2019/5/20,20.05
2019/5/21,20.40
2019/5/22,20.30
2019/5/23,20.25
2019/5/24,20.30
2019/5/27,20.40
2019/5/28,20.55
2019/5/29,20.50
2019/5/30,20.75
2019/5/31,20.95
2019/6/3,21.00
2019/6/4,21.00
2019/6/5,21.10
2019/6/6,21.30
2019/6/10,21.40
2019/6/11,20.80
2019/6/12,20.45
2019/6/13,20.45
2019/6/14,20.50
2019/6/17,20.65
2019/6/18,20.65
2019/6/19,21.00
2019/6/20,20.90
2019/6/21,20.75
2019/6/24,20.95
2019/6/25,20.95
2019/6/26,20.80
2019/6/27,21.00
2019/6/28,20.85
2019/7/1,20.75
2019/7/2,20.80
2019/7/3,20.80
2019/7/4,20.90
2019/7/5,20.90
2019/7/8,20.90
2019/7/9,20.85
2019/7/10,21.00
2019/7/11,21.20
2019/7/12,21.20
2019/7/15,21.20
2019/7/16,21.20
2019/7/17,21.30
2019/7/18,21.30
2019/7/19,21.35
2019/7/22,21.40
2019/7/23,21.40
2019/7/24,21.45
2019/7/25,21.70
2019/7/26,21.70
2019/7/29,21.70
2019/7/30,21.85
2019/7/31,21.95
2019/8/1,21.60
2019/8/2,21.35
2019/8/5,21.30
2019/8/6,21.20
2019/8/7,21.25
2019/8/8,21.35
2019/8/12,21.40
2019/8/13,21.20
2019/8/14,21.50
2019/8/15,19.65
2019/8/16,19.85
2019/8/19,19.95
2019/8/20,19.95
2019/8/21,19.85
2019/8/22,19.90
2019/8/23,19.90
2019/8/26,19.65
2019/8/27,19.75
2019/8/28,19.65
2019/8/29,19.70
2019/8/30,19.95
2019/9/2,20.00
2019/9/3,19.90
2019/9/4,20.00
2019/9/5,20.15
2019/9/6,20.30
2019/9/9,20.50
2019/9/10,20.85
2019/9/11,20.95
2019/9/12,20.95
2019/9/16,20.95
2019/9/17,21.10
2019/9/18,21.20
2019/9/19,21.20
2019/9/20,21.25
2019/9/23,21.25
2019/9/24,21.20
2019/9/25,21.15
2019/9/26,21.15
2019/9/27,20.95
2019/10/1,21.30
2019/10/2,21.20
2019/10/3,21.05
2019/10/4,21.10
2019/10/7,21.10
2019/10/8,21.20
2019/10/9,21.10
2019/10/14,21.20
2019/10/15,21.20
2019/10/16,21.25
2019/10/17,21.30
2019/10/18,21.20
2019/10/21,21.30
2019/10/22,21.35
2019/10/23,21.30
2019/10/24,21.45
2019/10/25,21.50
2019/10/28,21.55
2019/10/29,21.60
2019/10/30,21.80
2019/10/31,21.90
2019/11/1,22.05
2019/11/4,22.20
2019/11/5,22.30
2019/11/6,22.40
2019/11/7,22.35
2019/11/8,22.30
2019/11/11,22.00
2019/11/12,22.00
2019/11/13,21.80
2019/11/14,21.60
2019/11/15,21.80
2019/11/18,21.90
2019/11/19,21.90
2019/11/20,21.90
2019/11/21,21.70
2019/11/22,21.75
2019/11/25,21.90
2019/11/26,21.75
2019/11/27,21.95
2019/11/28,21.90
2019/11/29,21.70
2019/12/2,21.70
2019/12/3,21.75
2019/12/4,21.75
2019/12/5,21.70
2019/12/6,21.60
2019/12/9,21.75
2019/12/10,21.65
2019/12/11,21.75
2019/12/12,21.75
2019/12/13,21.85
2019/12/16,21.80
2019/12/17,21.95
2019/12/18,22.20
2019/12/19,22.20
2019/12/20,21.85
2019/12/23,22.05
2019/12/24,21.95
2019/12/25,21.95
2019/12/26,22.00
2019/12/27,22.10
2019/12/30,22.10
2019/12/31,22.00
2020/1/2,22.00
2020/1/3,22.05
2020/1/6,21.90
2020/1/7,22.00
2020/1/8,21.80
2020/1/9,21.90
2020/1/10,22.00
2020/1/13,22.20
2020/1/14,22.30
2020/1/15,22.25
2020/1/16,22.20
2020/1/17,22.30
2020/1/20,22.45
2020/1/30,21.50
2020/1/31,21.65
2020/2/3,21.40
2020/2/4,21.60
2020/2/5,21.75
2020/2/6,21.90
2020/2/7,21.80
2020/2/10,21.75
2020/2/11,21.75
2020/2/12,21.80
2020/2/13,21.85
2020/2/14,21.85
2020/2/17,21.85
2020/2/18,21.90
2020/2/19,22.15
2020/2/20,22.10
2020/2/21,21.90
2020/2/24,21.70
2020/2/25,21.65
2020/2/26,21.55
2020/2/27,21.55
2020/3/2,21.25
2020/3/3,21.45
2020/3/4,21.50
2020/3/5,21.65
2020/3/6,21.40
2020/3/9,21.05
2020/3/10,20.90
2020/3/11,20.75
2020/3/12,20.00
2020/3/13,19.55
2020/3/16,18.75
2020/3/17,17.85
2020/3/18,17.50
2020/3/19,16.15
2020/3/20,17.65
2020/3/23,17.00
2020/3/24,17.50
2020/3/25,17.95
2020/3/26,18.00
2020/3/27,18.10
2020/3/30,18.05
2020/3/31,18.05